data_id,country,level,nation_code,crop,qualifier,crop_name_in_original_data,plant_start,plant_start_date,plant_end,plant_end_date,plant_median,plant_range,harvest_start,harvest_start_date,harvest_end,harvest_end_date,harvest_median,harvest_range,full_crop_name,location_code,tot_days,lat_avg,lon_avg,harvested_area,tmin_day_avg,temp_average,precip_average,temp_min,precip_min,temp_max,precip_max,temp_min_month,precip_min_month,temp_max_month,precip_max_month,temp_at_planting,precip_at_planting,sunfrac_at_planting,daylength_at_planting,dsw_at_planting,precip_over_pet_min,precip_over_pet_min_day,precip_over_pet_max,precip_over_pet_max_day,precip_over_pet_at_planting,apr_to_sept_temp_anomaly,apr_to_sept_precip_frac,gdd_base_0_between_plant_and_harvest,gdd_base_4_between_plant_and_harvest,gdd_base_5_between_plant_and_harvest,gdd_base_8_between_plant_and_harvest,gdd_base_10_between_plant_and_harvest,gdd_base_0,gdd_base_4,gdd_base_5,gdd_base_8,gdd_base_10,gdd_base_0_from_plant_until_cold,gdd_base_4_from_plant_until_cold,gdd_base_5_from_plant_until_cold,gdd_base_8_from_plant_until_cold,gdd_base_10_from_plant_until_cold,ndays_growing_season_below_0,ndays_growing_season_below_5,ndays_growing_season_below_10,ndays_growing_season_below_12,ndays_growing_season_below_15,ndays_growing_season_below_17,ndays_below_0,ndays_below_5,ndays_below_10,ndays_below_12,ndays_below_15,ndays_below_17,lgp,lgp_t,lgp_p,lgp_tmin5_tmax100,lgp_t_tmin5_tmax100,lgp_p_tmin5_tmax100,temp_growing_season,precip_growing_season,ndays_since_snowfrac_0_5,ndays_since_snowfrac_0_1,ndays_since_snowfrac_0_05,ndays_since_snowfrac_0,climate_category,misclassified,climate_category_string
31,Armenia,N,61,Wheat,Winter,Winter Wheat,213,8/1,304,10/31,258.5,92,121,5/1,212,7/31,166.5,92,Wheat.Winter,61,273,40.1867265584074,44.8964206609181,1154.0220465144,-27.3802959561066,7.43351244947371,43.1510452110322,-7.12734450959755,24.1789842525531,20.7306239908455,83.7874568597963,1,1,7,5,15.7768077215849,29.7413826157747,0.739202386964268,13.3655804164908,219.925000188701,0.209581020790451,227,1.59566079335967,363,0.251052089770711,8.04741722479726,1.24072595565436,1442.25539835162,843.051686779527,716.194337614824,390.806601214735,225.754946737049,3192.01124226271,2224.79891905718,2005.94795609633,1404.56461998447,1055.54158914613,567.715018272132,311.652770708609,259.820968407625,133.612402632187,73.580608131108,104,151,202,223,259,273,105,151,202,224,259,285,98,223,240,89,214,240,3.61629067587844,43.5111180607757,152,122,113,71,1,TRUE,1X
45,Belarus,N,16,Rye,Winter,Winter Rye,227,8/15,263,9/20,245,37,187,7/6,227,8/15,207,41,Rye.Winter,16,327,53.6154615581711,27.9971183369228,7205.73422514974,-30.0483976542035,6.10698751788047,51.9808246857754,-7.06084634184459,30.3649359928391,17.6155809924793,82.0113579649181,1,2,7,7,14.1927075522398,62.1173855125468,0.468026899712276,14.8534265182822,161.505354672585,0.477068999065207,135,14.2439170339153,354,0.756255312699213,7.71142298435473,1.22120866223143,2132.45484569732,1373.99142665176,1207.78755223639,765.80011584807,521.153262564472,2754.09791081801,1843.63449177245,1639.43061735707,1083.44318096876,762.79632768516,582.090314446394,306.764625483736,251.391654741437,117.466724525442,55.6514332384906,118,165,215,236,272,301,118,165,215,236,277,325,132,150,347,181,199,347,4.98212320575053,50.003372619857,161,146,136,122,1,TRUE,1X
175,North Korea,N,52,Wheat,Winter,Wheat,274,10/1,314,11/10,294,41,152,6/1,181,6/30,166.5,30,Wheat.Winter,52,237.5,40.4917152651149,128.058102002256,221.416882978069,-28.7845663758849,5.6182822098725,82.1112449988782,-11.1200597633124,17.8841628607834,20.2078393175771,228.947155785191,1,1,8,8,6.4544526926077,45.294781590482,0.578386450541435,11.8276532673029,136.037686922392,0.579253264302163,128,1.85872993352441,227,0.846596982173582,9.2086677115565,1.64471453956854,880.955650647752,502.216905311201,426.361907561762,241.701671229818,146.083633312376,2946.74729589151,2060.00855055496,1857.15355280552,1295.94902622586,967.32465205174,77.8256791493866,11.2505325263008,3.9267258990976,0,0,128,166,195,206,228,238,128,166,210,230,267,293,207,207,365,199,199,365,0.0450818216795916,42.4626821402519,218,197,194,-185,1,TRUE,1X
176,North Korea,N,52,Barley,Winter,Barley,305,11/1,334,11/30,319.5,30,162,6/11,202,7/21,182,41,Barley.Winter,52,227.5,40.4900975283926,128.052657012239,151.911908413576,-28.7766276479708,5.62729015360604,82.1640738026998,-11.1084222482225,17.8895217055807,20.2153098676558,229.177089338537,1,1,8,8,-0.353048027081921,37.1671834385198,0.547451765445521,10.8986354778732,100.199761026626,0.579197609723258,128,1.86009087066494,227,1.30927676175699,9.20674140985058,1.64474320848778,1071.0993095503,696.818575675247,612.746898337553,385.37850187732,258.716467016046,2948.57570621067,2061.5444520918,1858.62697899401,1297.2204092125,968.447170196234,0,0,0,0,0,127,146,170,180,202,218,128,166,210,229,267,293,154,154,365,199,199,365,0.888533538536848,49.7209816186065,243,-143,-147,-160,1,TRUE,1X
218,Estonia,N,12,Wheat,Winter,Winter Wheat,234,8/22,284,10/11,259,51,192,7/11,234,8/22,213,43,Wheat.Winter,12,319,58.6267181586597,25.8090836448893,652.436683386532,-32.9844607541585,4.94695632654144,52.4421644386658,-6.6632135550724,28.8035395657658,16.4711938267295,79.5386694382434,1,2,7,8,10.8320208130266,72.0593749785992,0.355277024434471,14.1259326626609,108.419260590193,0.400431505944436,160,74.7637693858985,355,1.50428796687179,6.99146558143508,1.11913520054572,1732.80318326395,1052.44807229061,908.569269753859,540.217840286623,349.564658837853,2376.87597821122,1512.52086723787,1322.64206470112,816.290635233887,533.637453785117,358.168100517611,145.878624582796,106.998704493297,25.3371288419789,2.1817671984277,127,180,235,253,278,319,127,180,235,261,306,365,129,195,299,119,185,299,3.70814863996373,49.1525904877334,170,148,141,136,1,TRUE,1X
239,Georgia,N,50,Wheat,Winter,Winter Wheat,227,8/15,304,10/31,265.5,78,182,7/1,227,8/15,204.5,46,Wheat.Winter,50,304,41.9034359425944,43.8635445034421,1211.78690386198,-18.5841224485651,9.96721700331026,80.423987321697,-1.82428959319466,61.6175423239296,21.0324104030642,116.18540038201,1,2,7,6,15.4834532988952,78.4820882048678,0.578883514418083,13.0830259467833,176.153139087743,0.536055987074002,197,4.28001067415654,351,0.837051412300938,6.80874388339591,1.12187729234806,2544.56495084923,1671.90447621893,1484.48347766558,986.842989151354,708.31819803386,3716.99477952136,2600.39294145364,2351.95716741344,1671.27304644024,1270.783714442,665.912978844348,358.844890288163,297.491018159956,148.929207863179,78.8546180090242,56,122,176,201,238,258,57,122,175,200,238,266,254,254,365,243,243,365,8.1758912927197,80.3616894087323,154,78,-319,-365,1,TRUE,1X
322,Japan,N,45,Wheat,Winter,Wheat,263,9/20,334,11/30,298.5,72,152,6/1,202,7/21,177,51,Wheat.Winter,45,243.5,39.574569447558,139.588486124156,1910.1877540317,-20.5358983483359,8.75608429893222,116.362304845127,-3.58398740291809,63.263951610264,21.6180670359855,174.703053856628,1,2,8,7,9.51092982669358,108.647391423672,0.444024650299895,11.6778919122949,116.113901223131,1.07014087267834,135,3.33211028313223,1,2.13512246554571,6.9578949189372,1.30440721981117,1268.9840570369,725.038666180731,614.627897160097,343.780496395951,216.029898049516,3417.79883572402,2389.86871533906,2158.47033871962,1524.6099613908,1155.44770857098,232.95546792523,76.8001567170155,51.2451619322566,5.7302937583511,0,86,139,189,201,225,240,86,139,191,213,252,278,236,236,365,226,226,365,4.38549804280956,95.1551133341415,197,169,160,140,1,TRUE,1X
343,Kyrgyzstan,N,51,Wheat,Winter,Winter Wheat,229,8/17,284,10/11,256.5,56,152,6/1,229,8/17,190.5,78,Wheat.Winter,51,299,41.5132071661724,74.1037236675833,4969.11459391212,-36.1336681546799,3.00811733483261,37.5517357346278,-12.7867504015921,16.8565928804581,16.4373612988954,63.8687989468224,1,9,7,5,10.9611809110297,17.2821434537395,0.736514304086975,13.4956772673483,219.222338398242,0.165509499047628,258,2.66675388968495,357,0.166217143514412,8.83815827726445,1.08205938234715,1273.91263131598,720.838738877009,602.288497173067,308.208122270842,170.36050498199,2250.57559052107,1433.54743689835,1248.9801980139,756.893010712841,487.054620981516,275.838951979896,113.775330276574,83.7783296269602,21.2656666590295,2.47064418077001,145,184,242,262,289,299,145,185,242,268,315,365,44,188,221,37,181,221,0.486756281689783,39.9756108138099,85,-365,-365,-365,1,TRUE,1X
349,Latvia,N,13,Wheat,Winter,Winter Wheat,232,8/20,282,10/9,257,51,191,7/10,232,8/20,211.5,42,Wheat.Winter,13,319.5,56.7747171986231,24.7874075035017,1574.80537648876,-32.0597747914835,5.68474753748006,54.0337878321763,-5.76400857552843,28.0645440451201,16.5875595022447,77.628160198565,1,2,7,7,11.8067860528139,70.5547507573924,0.406287489144105,14.170199250375,123.50937411314,0.438916367316816,151,33.3741212388615,354,1.24071284379592,6.86479282396971,1.14188744925637,1871.89051665592,1149.82910534255,995.852510761777,597.437005369835,386.892149140504,2531.01068962102,1628.94927830764,1429.97268372688,896.557178334934,596.012322105604,426.839966933198,190.28860790036,145.617204461236,46.053820126472,10.4588474071862,117,171,226,249,274,320,117,171,226,250,297,365,150,204,311,139,193,311,4.48820782837233,51.2788931952682,171,150,139,134,1,TRUE,1X
350,Latvia,N,13,Rye,Winter,Winter Rye,227,8/15,264,9/21,245.5,38,166,6/15,227,8/15,196.5,62,Rye.Winter,13,316,56.7747171987179,24.7874075004049,520.74528839477,-32.0597747849162,5.68474753817275,54.0337878342372,-5.7640085726851,28.0645440450682,16.5875595017692,77.6281602059274,1,2,7,7,13.4218936711806,72.9416691299668,0.440398866550308,15.126325111257101,148.59005609495,0.438916367252445,151,33.3741212388236,354,0.999667563333899,6.86479282276743,1.1418874491843,1762.29322900399,1056.26998375475,906.247075030688,519.85279699264,317.345856902178,2531.010689619,1628.94927826526,1429.97268367917,896.557178279102,596.012322047983,571.912123273082,289.373143582502,233.173514527908,99.1078827957392,40.545257703227,117,172,226,251,285,316,117,171,226,250,297,365,90,139,311,139,193,311,4.1982844946291,50.742865444343,159,139,127,122,1,TRUE,1X
366,Lithuania,N,15,Wheat,Winter,Winter Wheat,233,8/21,283,10/10,258,51,192,7/11,233,8/21,212.5,42,Wheat.Winter,15,319.5,55.4518324094741,23.6716076593573,3541.30736797096,-29.4951366329311,6.1716283924472,54.6201947095791,-5.45110812851152,28.2932488772069,16.8131878984615,80.0277838236069,1,2,7,7,12.0931129861535,65.0581538070217,0.406775540458079,14.0064992746784,125.407680252926,0.473646646528416,136,22.3627277609371,354,1.1097827348933,6.89880796986846,1.16288095173914,1984.1522191913,1237.64187695105,1077.4652955118,659.961977805992,436.442926943915,2655.25899561991,1728.74865337966,1523.57207194041,971.0687542346,657.549703372522,442.681235090196,200.918494743538,155.125394018043,52.0519241225256,13.6158653163288,111,165,219,241,269,320,111,165,219,241,290,365,177,210,332,167,200,332,5.00529478748025,52.2300851604741,183,155,149,135,1,TRUE,1X
367,Lithuania,N,15,Rye,Winter,Winter Rye,228,8/16,263,9/20,245.5,36,188,7/7,228,8/16,208,41,Rye.Winter,15,327.5,55.3636167181816,23.8313804054828,1212.69014833204,-29.3640778622434,6.14980768029916,55.262979547634004,-5.51416616461042,29.1279818009838,16.8073069591444,79.539500883431,1,2,7,7,13.8058364206757,70.7449438110827,0.445428233146193,14.9806956607687,152.787429260613,0.476660066573095,136,22.4888005966885,353,0.926557255302908,6.90752552816779,1.15774258188169,2067.90652274712,1290.3413560779,1122.35862069292,681.635989794762,442.480130006794,2651.31913851891,1725.73017746403,1520.80335619022,969.038768841293,655.893470443558,603.047060349661,311.761341972192,253.568533705239,113.416769006574,50.1990368354665,111,166,220,242,281,328,111,165,219,242,290,365,115,145,335,169,199,335,5.1264348364054,53.1307983487861,170,143,137,122,1,TRUE,1X
370,Macedonia,N,57,Wheat,Winter,Wheat,289,10/16,349,12/15,319,61,152,6/1,212,7/31,182,61,Wheat.Winter,57,228,41.6822719908885,21.7373783692159,1110.06851843432,-24.8442458828207,10.160315691488,53.7901689557336,-0.715236455048606,40.4069034631679,19.9560129273175,72.5750981211156,1,8,7,11,5.74179588002897,72.5750981211156,0.389841863474762,10.8395013104757,81.6944528054322,0.264151321639173,214,3.6928299587736,350,2.44376452335807,6.14824395758295,0.953543154991948,1596.07052568699,954.77659168147,834.121045513395,537.715489182729,375.001617690053,3732.90296292436,2543.60902891884,2285.95348275076,1592.65194328586,1192.04563584421,114.655084128439,9.95224383080035,1.80660112545098,0,0,22,115,153,166,188,206,22,115,177,201,240,271,139,265,239,124,250,239,6.96591105522692,56.7062850387886,254,-146,-152,-160,1,TRUE,1X
414,Moldova,N,35,Wheat,Winter,Winter wheat,233,8/21,283,10/10,258,51,192,7/11,233,8/21,212.5,42,Wheat.Winter,35,319.5,47.1572760541488,28.4854506729697,3711.31414257788,-27.6700992336764,9.83155766681938,42.9928568746998,-3.23911080017937,25.686922477621,21.1940791625273,71.294818705187,1,10,7,6,16.6076633091502,43.6142045018872,0.582543994933699,13.6136745539254,174.668155389624,0.337812132008277,227,3.83205392702664,355,0.462175625984658,7.62177048904655,1.24454882432869,2871.43852594298,1980.1320761961,1785.88309985459,1259.34953655005,954.712698746038,3743.83437812209,2672.52792837521,2433.2789520337,1771.74538872916,1377.10855092515,709.562304116031,400.812112079711,339.292293021046,185.989845157952,109.416985714843,72,130,177,197,228,249,72,130,177,197,228,252,68,244,189,58,234,189,8.55385847267703,42.3716750075336,195,170,170,138,1,TRUE,1X
539,South Korea,N,64,Wheat,Winter,Wheat,274,10/1,314,11/10,294,41,152,6/1,181,6/30,166.5,30,Wheat.Winter,64,237.5,35.9977442216781,127.53788708602,16.6442624813501,-19.0065780539841,12.1207600290319,108.975622620148,-1.69905708584572,27.1768464000542,25.2778721655001,276.267460813801,1,12,8,7,12.9141082162876,56.3020137021295,0.594490586506123,11.9486615976147,153.563277475473,0.696682059769634,289,1.84662736008416,197,0.747661627763657,7.72830397340211,1.59789787891268,1745.78110086033,1092.66007588028,957.56814895463,612.763103917705,429.838617288056,4484.96332894314,3323.84230396309,3061.75037703743,2335.94533200051,1899.02084537086,386.539374491197,178.890886926482,140.200188551642,53.5627625893159,18.8368211287577,45,109,156,175,197,209,45,109,156,175,207,229,268,268,365,257,257,365,7.17390746592756,66.6016299795458,365,235,227,199,1,TRUE,1X
540,South Korea,N,64,Barley,Winter,Barley,305,11/1,334,11/30,319.5,30,162,6/11,202,7/21,182,41,Barley.Winter,64,227.5,35.9969776689079,127.536135683707,788.547177746616,-19.0076064705281,12.1211738051962,108.976525488763,-1.69953030191354,27.1577579119119,25.2793871305992,276.313288145589,1,12,8,7,7.1775197206121,50.4170785092655,0.548269929593652,11.1632524143115,116.82859944936,0.69645395787256,289,1.84692851190253,197,1.09071922260928,7.72876364981116,1.59804615724245,1830.92648365161,1217.80865713125,1092.72714136332,776.354590726457,597.172880599117,4485.13255165576,3324.02156121161,3061.92955173668,2336.12165766092,1899.19254028346,130.522439921307,24.8510871226918,11.6687456874389,0,0,45,108,143,153,171,183,45,109,156,175,207,229,209,209,365,257,257,365,7.8619787334465,77.2546004247938,365,260,252,-142,1,TRUE,1X
566,Tajikistan,N,62,Wheat,Winter,Winter Wheat,227,8/15,318,11/14,272.5,92,152,6/1,227,8/15,189.5,76,Wheat.Winter,62,282,38.7293177833563,69.4911926744291,3410.18141408725,-26.7427842567915,9.88942225149033,52.2641083747807,-3.70841445331493,3.89581989473199,22.4684576358965,109.851455335035,1,8,7,3,13.4483526196377,20.6696258841729,0.704619004335803,12.7400286627805,194.630490173744,0.0228006309478295,228,3.29053724116403,5,0.210923447469471,7.68959495713665,0.707024552224831,2169.01063897828,1419.34288381369,1259.92988281856,840.269478052048,609.053662214047,3783.1783520149,2701.52165303109,2459.08806625902,1790.40822396831,1393.19978272804,477.323604013207,230.128702703008,183.855101095904,76.3948602538095,30.5713683502698,72,127,176,199,227,240,72,128,176,198,235,259,99,247,217,90,238,217,7.15163265513325,65.2256710403313,123,-365,-365,-365,1,TRUE,1X
601,Turkey,N,59,Barley,Winter,Barley,253,9/10,355,12/21,304,103,132,5/12,202,7/21,167,71,Barley.Winter,59,228,38.9002639195214,34.7327411255198,34781.2844687561,-21.6038828983806,11.1718225027819,42.5821464483137,-0.324086284536507,10.9374995032694,22.1307262093672,68.1929725150198,1,8,7,12,9.77719879288218,43.3860277499596,0.597264932335053,11.4994349787581,129.898315722929,0.0593671495988781,227,2.84436240662637,355,0.773217606431014,6.5009201505768,0.721885121477966,1552.2917028939,878.1553535961,750.069185724813,441.703399164003,293.702323103307,4098.24967978922,2876.11333049142,2611.02716262014,1891.66137605932,1469.78984306473,291.944135239483,93.3347339360463,62.8805110913885,8.44617382709918,0,10,107,164,178,198,213,10,107,165,190,226,252,19,199,185,78,258,185,6.80110938193141,55.1801133889278,242,197,179,-249,1,TRUE,1X
684,Bulgaria,N,47,Wheat,Winter,Winter Wheat,242,8/30,306,11/2,274,65,164,6/13,224,8/12,194,61,Wheat.Winter,47,285,43.0739692826631,25.873213266636,11178.6076962824,-23.0291395790144,11.1701165769409,49.772197142794,-0.815788764544215,38.135212265172,21.5849745893555,68.5376556034034,1,9,7,6,14.8279049373375,40.4614221771041,0.558318046721952,12.6897984304195,155.963188871018,0.26833015521298,227,3.54252361237612,350,0.503271969904439,6.59979454415991,1.05051451502257,2534.35020631432,1641.6531274854501,1455.43506418279,969.12226807433,701.972493892444,4103.8632260472295,2891.16614721836,2624.94808391569,1898.63528780723,1471.48551362535,652.294058186471,343.286290654731,282.863075145362,136.04676808699,67.5917450009255,20,105,163,187,221,236,20,105,163,187,222,248,129,273,221,116,260,221,8.8633247100649,51.9275821394073,230,193,178,155,1,TRUE,1X
694,China (North China Plain),S,22,Wheat,Winter,Winter wheat,242,8/30,302,10/29,272,61,136,5/16,178,6/27,157,43,Wheat.Winter,-1,250,34.8297720892433,115.913496026169,167115.031718807,-16.9371956431551,14.0554634765709,64.6579701727613,-0.174752989385223,12.8387617409552,26.9114062874779,189.07801465589301,1,12,7,7,18.560037446122,63.9882978242272,0.530866177442769,12.7449725381496,177.153146891416,0.398922634516502,350,1.1374499574704,197,0.620622532196873,8.1950840728659209,1.59798737936739,2323.52077841419,1535.76471120653,1372.18955222846,940.681686918279,699.928566287495,5152.99132593347,3905.23525872582,3626.66009974775,2850.15223443756,2379.39911380678,828.967351372797,501.176453776796,435.819475243654,268.307514094705,179.827213823721,5,91,138,156,182,204,5,91,138,156,182,204,185,283,185,181,273,185,9.29221724443259,36.4375470637799,365,244,229,162,1,TRUE,1X
711,Germany,N,19,Wheat,Winter,Winter Wheat,272,9/29,308,11/4,290,37,209,7/28,246,9/3,227.5,38,Wheat.Winter,19,302.5,51.3470231407961,10.6366667023807,24815.5844597293,-24.1453244807459,8.51586833380378,58.030032508873,-0.458746139555754,41.9423949162152,17.2491062393922,77.6099140475236,1,2,7,6,9.18918076846732,50.2485673491915,0.321559626509237,11.7268439089541,78.4613104432707,0.597276567421505,189,9.53755754245684,353,1.57002663113079,5.42829247130315,1.14212527731745,2296.33752712752,1412.35415856274,1236.98669087071,792.887338172662,560.105320138208,3128.73868340308,1996.75531483831,1759.38784714627,1129.28849444823,774.595771689883,282.629946002651,80.4355287580945,52.3273442984732,4.21593486607561,0,24,135,195,208,235,267,24,135,200,227,278,329,245,245,365,230,230,365,7.5605765551714,58.0802292399619,239,209,206,-365,1,TRUE,1X
712,Germany,N,19,Barley,Winter,Winter Barley,242,8/30,306,11/2,274,65,151,5/31,211,7/30,181,61,Barley.Winter,19,272,51.1348972517939,10.3953239835905,18803.7538047763,-24.1990732626768,8.47703846968793,58.8321029863778,-0.51231871269013,43.0173465971155,17.2029348293677,78.3144390493327,1,2,7,6,11.5108286559544,53.2373748498248,0.361346752407864,12.736827542965,105.763911100764,0.605483880243287,189,9.53459166309068,353,1.09734394713593,5.42819641030219,1.13819157118722,1653.47282165781,896.726082913522,752.76079645343,402.787725717089,234.803167893805,3115.77684093545,1987.03010219117,1750.06481573108,1121.09174499474,767.107187171451,443.08315118829,179.606191217066,136.106969858988,41.326543446847,7.81628985420146,27,135,201,225,252,272,27,135,201,228,279,336,164,164,365,230,230,365,6.05417641225346,55.5316155902664,223,196,190,-365,1,TRUE,1X
714,Germany,N,19,Rye,Winter,Rye,243,8/31,306,11/2,274.5,64,151,5/31,212,7/31,181.5,62,Rye.Winter,19,272,52.2994823916572,11.6917013649506,7115.7690264586,-24.7103092514604,8.65928330051265,52.6818997951362,-0.464005445682177,37.0293795038092,17.4863818634607,68.6731149442139,1,2,7,6,11.6035555972023,48.2403697355705,0.360838327655863,12.7136527789405,101.742575076948,0.530523569395482,151,10.1701643586828,353,1.04199063489356,5.49592235981078,1.1350799871878,1698.7898784260601,933.236714058066,787.290008727851,431.334945738742,258.981411761963,3181.40653814809,2043.86860836191,1804.87961995704,1169.94248757496,811.5850756301,459.323022355274,187.461562858434,142.132023181699,43.8469851982138,8.88600499940681,23,133,199,222,248,272,23,134,198,225,273,322,166,166,365,232,232,365,6.22563318161466,49.7125244547571,227,196,190,-365,1,TRUE,1X
715,Germany,N,19,Rapeseed,Winter,Rapeseed,212,7/31,276,10/3,244,65,152,6/1,212,7/31,182,61,Rapeseed.Winter,19,303,51.6088647422052,11.1100651026608,9917.6345197122,-24.4368702649097,8.41597231869592,56.1941600729005,-0.62883366007482,40.1782451802487,17.201058028096,74.6368301351977,1,2,7,6,15.2537408604286,62.3180978786363,0.430862642918926,14.7491445041068,161.24702149693,0.576981598028117,185,9.65851101651075,353,0.729890269948239,5.46030212069008,1.14196513538556,2057.79129079883,1186.94539374865,1013.398210635,574.063873722332,345.961053287609,3097.09038262539,1978.24448557521,1742.69730246156,1117.36296554889,765.260145114171,846.234620496879,464.491114376026,390.851543344608,206.11752283098,113.046025432566,32,136,202,229,279,303,32,136,202,229,279,336,164,164,365,229,229,365,6.75798800566759,53.2077229653425,193,163,160,-365,1,TRUE,1X
720,Hungary,N,34,Wheat,Winter,Winter Wheat,242,8/30,306,11/2,274,65,152,6/1,212,7/31,182,61,Wheat.Winter,34,273,47.1142240010039,19.5313364532882,10538.7918758488,-24.5742992992533,10.482153542411,47.9534601733922,-1.83310374455395,31.4674510437275,20.7169588064967,75.9117126942228,1,3,7,6,13.8440059875911,40.304804447001104,0.490561355582615,12.7086565367082,134.132064042519,0.397570994978648,197,4.64551427255912,350,0.607455541008425,6.78953425540733,1.18893869093867,2146.61664408937,1355.68925605567,1190.29835667967,763.841257140118,533.39699627791,3883.26626082742,2724.33887279372,2466.94797341772,1764.49087387817,1350.04661301596,523.741493041344,260.731574233225,210.677944946786,93.79100276641,41.4402288567009,44,114,169,191,221,237,44,114,169,191,228,256,116,264,217,103,251,217,7.71656841197161,45.8756556058931,214,186,178,52,1,TRUE,1X
742,Poland,N,20,Wheat,Winter,Winter Wheat,243,8/31,308,11/4,275.5,66,179,6/28,240,8/28,209.5,62,Wheat.Winter,20,299,52.0449624533833,18.8306808460402,25032.7257869323,-30.2533476027927,7.86470962235916,50.2342619315952,-3.90835622209606,28.0023196139406,18.038213312571,82.6768005085504,1,2,7,7,11.081010190548,46.8988860999018,0.351138338136628,12.6454057072284,99.8124660589334,0.546814697665931,135,8.70049854916634,352,1.04746161914859,6.64844950067218,1.26742352943161,2079.74463052989,1317.5130651898,1155.16055590974,731.583394569954,504.083522824984,3092.65298901542,2066.40740966364,1838.08215103654,1216.50683341805,856.968937429272,355.497940519136,147.962292786019,110.605447253126,30.3433514587759,3.82840897090558,85,142,198,218,242,267,84,142,197,224,270,310,234,234,365,223,223,365,6.274974766155,47.6765692821533,208,184,179,153,1,TRUE,1X
743,Poland,N,20,Rye,Winter,Rye,242,8/30,306,11/2,274,65,149,5/29,210,7/29,179.5,62,Rye.Winter,20,270.5,52.2867590889351,19.3589085170661,20056.404083314,-30.415198288941,7.80934681024577,48.0696276320382,-4.28747809891766,27.0366147531005,18.195895682395,78.9745261030732,1,2,7,7,11.262335335793,45.5752600832688,0.350032985553822,12.7470075945728,101.229984740503,0.513611513710754,135,8.98397402363553,352,0.995821794581122,6.82574356779627,1.26013666939597,1574.40085708261,931.907795029464,798.43217394561,459.613576916973,287.069689190117,3102.24608905781,2083.75302700466,1856.27740592081,1235.45880889217,874.914921165313,362.71404839918,154.429840173578,116.481499999088,33.7549374831684,5.15152609657111,88,143,197,218,243,266,88,143,197,223,269,307,168,168,365,222,222,365,4.95031225181536,42.2435290768157,206,182,178,152,1,TRUE,1X
745,Poland,N,20,Rapeseed,Winter,Rapeseed,213,8/1,277,10/4,245,65,152,6/1,213,8/1,182.5,62,Rapeseed.Winter,20,302.5,52.4408470706024,18.0337067141217,4306.46941537211,-30.0881513365459,7.90310246479113,49.9038057776957,-3.5885110620802,27.9632201479528,17.9792174747503,80.9091222798241,1,2,7,7,15.3475043105968,61.0052567578285,0.414081050324054,14.7503831034841,155.011844171943,0.525623490612906,136,9.3894905191653,352,0.743943818680061,6.5418963606826,1.2468839383418,2009.13126906998,1227.3170095548,1061.04878461213,627.029448882797,393.464582101395,3084.57349270259,2054.75923318741,1826.49100824474,1206.47167251541,848.906805734008,766.426100086597,433.328110890403,365.091874280148,192.672448777272,105.063678910107,83,142,198,225,271,298,83,142,198,225,271,311,166,166,365,223,223,365,6.03130128417545,45.1710468431455,178,154,149,123,1,TRUE,1X
748,Romania,N,36,Wheat,Winter,Wheat,243,8/31,307,11/3,275,65,183,7/2,243,8/31,213,61,Wheat.Winter,36,303,45.2481647002172,25.302307985941,20052.5741955728,-27.3382403030639,10.5065067618803,47.3143742475339,-2.24861933282581,33.3845553379435,21.1540810109623,77.998580634126,1,3,7,6,13.9278827802186,37.2800722605927,0.522461995185617,12.6468190467013,142.576443852506,0.37417756566634,220,3.52254774974987,352,0.524296652041296,7.06790767772879,1.21815053257749,2769.79537922667,1879.54729939134,1687.36530640961,1176.14768196436,887.032840191486,3913.25142614554,2775.00334631021,2520.82135332849,1823.60372888324,1410.48888711036,528.197419593984,264.651503976395,213.644258735656,94.403633554299,41.5871378594328,53,117,169,191,219,234,53,117,169,191,225,251,134,260,239,123,249,239,8.94540931901408,47.445685472037,213,187,178,137,1,TRUE,1X
751,Russia,N,3,Barley,Winter,Winter Barley,260,9/17,297,10/24,278.5,38,169,6/18,200,7/19,184.5,32,Barley.Winter,3,271,52.8576707000632,57.5406766390824,91251.220444145,-40.2421786899739,4.1533970568117,42.3952854302104,-12.792815859531,24.7708227933097,20.0149645614353,68.3759862656516,1,2,7,7,7.08469329893761,43.5150333529426,0.395089500206316,12.4465558712533,97.9792338027669,0.366177234808392,136,13.6944281978593,355,1.14962286671187,10.3450218879002,1.20409018061095,1252.26802272046,812.951931050903,720.220735115835,484.110633071529,351.823945451388,2739.37103829448,1924.03340211114,1737.31279077975,1220.832074499,915.361142846408,97.3950486658571,18.3922296421635,8.39769391004373,0,0,147,182,209,217,233,246,148,181,220,235,268,292,36,145,233,55,183,233,0.211539144155616,37.9812985042006,179,162,158,-365,1,TRUE,1X
770,Sweden,N,8,Wheat,Winter,Winter Wheat,243,8/31,306,11/2,274.5,64,151,5/31,211,7/30,181,61,Wheat.Winter,8,271.5,57.8886286432646,15.447197278418,3479.91734418344,-26.9982595434967,6.3320536643691,49.9576210173145,-2.88017946293778,31.7127991395805,16.1139818610843,68.4744478988537,2,2,7,7,9.39531443347069,58.8787620136806,0.313516024365678,12.772819013443801,80.9964459635589,0.395525908289833,153,44.4986883370403,355,1.79197642981189,5.73746168158405,1.06661878671893,1208.21025726569,631.345762838011,521.463223464725,262.544721570071,150.377904959183,2519.89931186917,1571.04141138958,1368.15564911715,830.21313529805,533.391736720837,299.730343560507,100.588606179144,67.9188875858945,7.23534368609348,0,97,168,225,239,265,272,98,168,229,258,308,365,145,210,300,132,197,300,3.7388380060374,45.2912970568317,196,157,154,120,1,TRUE,1X
771,Sweden,N,8,Rapeseed,Winter,Winter rapeseed,241,8/29,303,10/30,272,63,151,5/31,209,7/28,180,59,Rapeseed.Winter,8,273,57.4313664007934,15.0743186137092,550.215696339074,-26.2737229257099,6.56771140158681,51.0421496003696,-2.46583626701418,32.504030200364,16.1324085957498,68.7007671847075,2,2,7,7,9.97301038756737,60.4378566447256,0.324256015201842,12.9700544657131,87.1643911824494,0.401989605237932,152,37.990366253092,355,1.65560107699588,5.61383776822849,1.05423110739078,1246.95564630083,647.394504796785,533.180880532276,262.836116637611,144.7605431711,2568.35531082688,1600.79416932284,1394.58054505833,848.235781163664,546.160207697153,346.346273147474,125.843731431053,88.6219900551192,14.728697874481,0,92,165,227,241,267,273,92,165,227,256,307,365,87,138,301,136,200,301,4.00356042425796,46.7452283260955,196,159,152,118,1,TRUE,1X
783,Ukraine,N,24,Rapeseed,Winter,Winter Rapeseed,228,8/16,267,9/24,247.5,40,190,7/9,226,8/14,208,37,Rapeseed.Winter,24,325.5,48.7595052000912,32.1296612475756,1031.80780203554,-28.6337782413746,8.3432062884169,45.2128747251251,-5.1209145735433,31.5826805101878,20.2792941534504,68.1632389804548,1,10,7,7,16.5704931113466,45.1165509865614,0.551930168784065,14.3142520526365,183.259522909222,0.386392817138093,227,6.41401279466457,353,0.451889019225592,7.97147310293614,1.167140438842,2619.46190632522,1785.77351208087,1601.55279757288,1103.0237426172,815.798208546607,3358.20448872743,2368.55390401293,2145.35265000966,1529.77688668508,1164.61330746872,729.417877136008,420.118956649081,357.17143985430903,199.682246465395,120.52901440319,95,147,192,212,242,268,95,146,192,212,241,271,25,173,211,64,218,211,7.14352090069909,44.4862016815302,175,152,151,109,1,TRUE,1X
804,Ontario & Quebec,S,2,Wheat,Winter,Winter Wheat,256,9/13,312,11/8,284,57,182,7/1,248,9/5,215,67,Wheat.Winter,-1,296,43.8345198527783,-79.7048056131244,3079.14649410415,-33.1501490232748,6.77742847927575,78.7570264240256,-7.7520455993692,59.4433551604289,20.2068662979557,91.2113029161251,1,2,7,8,9.76711334724,78.0679845054082,0.41062856270877,12.2030240050332,118.167504140351,0.497276660394289,196,8.5217917007039,350,1.48520666482333,8.19175955054024,1.03936688966495,1980.30212606352,1322.81181897694,1180.96804133591,812.037273593729,613.996661853504,3067.70716422421,2134.21685713762,1923.3730794966,1347.44231175441,1011.53276358572,234.876976782542,82.6199133032532,56.3982893257678,7.68991179744209,0,114,159,205,215,232,245,114,159,206,226,258,285,210,215,360,201,206,360,4.76821887757537,76.7098412855818,193,178,173,-277,1,TRUE,1X
819,Sweden,N,8,Rye,Winter,Rye,244,9/1,304,10/31,274,61,152,6/1,212,7/31,182,61,Rye.Winter,8,273,57.323213405407,15.0484830842096,272.62552350812,-26.2157654918323,6.62336750014768,51.1937411961911,-2.35788664761506,32.6860568721364,16.1390944281406,68.5637449981627,2,2,7,7,9.7779270828201,60.1950079938634,0.31963609311271,12.8057644416028,83.939778202006,0.402022770743776,152,36.6377641964286,355,1.73303263187084,5.57300453213363,1.0502545831056,1265.35038802841,661.047680931618,546.070481105821,273.996339677203,154.746686730697,2578.92118815797,1606.61848106117,1399.64128123538,851.567139806759,548.49827644513,333.219895678714,117.325929096299,81.4858072487003,11.9865229348278,0,90,164,225,239,265,273,90,164,227,256,306,365,88,139,301,136,200,301,4.1064000291752,46.991157261245,200,161,156,120,1,TRUE,1X
821,Yugoslavia (Former),N,-1,Wheat,Winter,Winter Wheat,244,9/1,304,10/31,274,61,182,7/1,243,8/31,212.5,62,Wheat.Winter,-1,303.5,44.4445764597125,19.2692933454422,10505.0376329929,-24.2883650848522,10.4250162684383,71.5735745823776,-0.554666802614123,58.8285193671604,20.0240333941768,90.0694078850634,1,2,7,6,13.8333324759903,66.1304416733005,0.508805214052988,12.6952733533109,144.627029961671,0.443892130068179,197,5.99811216511863,350,0.912283570867354,6.20116860538275,1.03354943923534,2740.72506719744,1779.29891566584,1578.72046025751,1056.22457757972,767.863735562077,3826.07885389013,2620.65270235853,2359.0742469502,1653.57836427241,1243.21752225477,563.826193751016,273.180749261442,220.028515410718,97.908025052685,43.313000166042,17,110,172,196,226,246,17,110,172,196,233,267,222,269,318,207,254,318,9.00032692386328,72.5939741416348,214,173,162,-323,1,TRUE,1X
996,Kansas,S,5,Barley,Winter,Barley - winter,258,9/15,305,11/1,281.5,48,171,6/20,186,7/5,178.5,16,Barley.Winter,286,262,37.9652246408874,-100.061681397095,2.67634918698688,-29.6571254396698,12.0471901543077,48.1607625673875,-1.79695603577996,15.4829763956179,25.759508453755,88.6846425719167,1,1,7,6,14.4400419652911,45.5061561307108,0.678265049540949,12.3772995769398,178.118925074096,0.339472111946396,197,0.78574132913314,333,0.498484230736034,8.14791723877868,1.43979867178275,2177.46300926593,1439.95974304022,1285.3022235083,883.418733063084,660.503635367114,4466.41284295382,3316.89144555755,3059.23088921859,2348.33457075041,1919.42870372331,455.075866807586,231.494397445835,189.080192068408,89.6869852931477,43.6723750194221,50,113,159,177,206,218,51,113,160,178,209,231,31,206,119,52,252,119,8.1269815538561,41.7483402667972,247,196,188,168,1,TRUE,1X
998,Maryland,S,5,Barley,Winter,Barley - winter,260,9/17,311,11/7,285.5,52,163,6/12,189,7/8,176,27,Barley.Winter,290,255.5,39.046109535523,-76.5032073289984,162.121997688458,-23.2098888788307,12.6442320394633,89.9918644626593,-0.0545796491558274,75.0993356525488,24.4501582269276,104.976735633947,1,2,7,8,14.3186320505082,81.0211274184866,0.596210555734044,12.2044342748346,156.125797286335,0.537564570821834,167,3.42853910976786,355,1.02185945289705,7.18490146352345,1.06750466151643,2280.49391613375,1462.50236126492,1294.63356747482,857.863042006937,623.449128126723,4635.88571855301,3381.89450770215,3105.01806019277,2341.25841192177,1888.82048306621,585.715021605285,293.925786473018,239.810654322787,109.974669778642,50.8093530179475,2,94,150,173,202,213,2,94,151,173,206,227,215,215,365,271,271,365,8.90802003312041,87.3854888755318,260,215,212,187,1,TRUE,1X
999,Nevada,S,5,Barley,Winter,Barley - winter,248,9/5,293,10/20,270.5,46,191,7/10,237,8/25,214,47,Barley.Winter,298,308.5,40.4809964637757,-118.137812207577,11.9483730722303,-33.2499425212812,9.30049065417334,19.3847285922052,-1.38443745862261,8.75371078919037,21.7347313639067,26.4570619908119,1,7,7,12,13.0659744365327,13.5811095446167,0.816324629883325,12.836575228724,210.453477443143,0.0426241401024446,197,1.25952841319047,353,0.130759945704258,6.53651876950673,0.822705219682848,2462.99488592924,1568.74456947302,1389.85765163982,934.907002061505,691.649309749407,3458.92064600336,2340.64339579988,2105.7955335378,1482.82010886134,1127.57775314431,441.656890782001,210.026708347539,167.303875923174,67.7104833376157,25.0972715306336,51,137,199,221,246,258,50,137,198,221,256,281,0,166,100,1,228,100,7.8151766871789,20.7359287151102,195,157,134,-365,1,TRUE,1X
1000,New Jersey,S,5,Barley,Winter,Barley - winter,257,9/14,294,10/21,275.5,38,158,6/7,165,6/14,161.5,8,Barley.Winter,300,251,39.7465795438794,-75.1316412860363,13.6001163872815,-22.5200298643814,11.9272143790915,92.0838154429385,-0.9765885232972,76.5672018559757,24.119531987892,106.981524125361,1,2,7,8,15.792713679265,83.9653331467602,0.59146342619683,12.6156471313123,168.654922884537,0.518255149537677,166,3.95765886017056,353,0.933655930917768,7.30912309351503,1.06043451008473,1903.50686680213,1170.04056345538,1017.21249308205,625.227729104638,420.082247497683,4390.31354562157,3200.83031379453,2934.02721749887,2200.02567588264,1766.89733136442,670.320139723287,366.371294624992,306.049202756361,156.789575666838,84.6153202322502,32,103,160,182,213,228,32,104,160,182,214,234,205,205,365,262,262,365,7.52216205878368,89.0739930453784,239,206,202,174,1,TRUE,1X
1003,Pennsylvania,S,5,Barley,Winter,Barley - winter,237,8/25,298,10/25,267.5,62,171,6/20,222,8/10,196.5,52,Barley.Winter,308,294,40.2801153485466,-77.1957064956948,250.729737802834,-26.5609113905034,10.3620412957372,88.6456909700922,-2.9364848414383,70.3011940684971,22.6967151801773,101.999062570959,1,2,7,6,15.825116631218,87.372852909443,0.560608581350469,12.9675177355859,174.459256413397,0.573719317636943,196,4.34907347452571,351,0.928716708445779,7.5484901306012,1.08704015638,2469.47183499795,1654.5404401358,1476.98196519997,1007.63295549464,748.768111137036,3922.96202720808,2824.00114930129,2575.43707743994,1893.10354038125,1492.22859147788,638.302628521867,353.402639768977,294.852564553482,150.588399972919,81.823781476232,70,122,175,197,227,243,69,121,176,196,227,248,190,190,365,243,243,365,7.9945828942881,87.4236148300291,211,181,172,153,1,TRUE,1X
1154,Indiana,S,5,Rye,Winter,Rye,253,9/10,303,10/30,278,51,171,6/20,206,7/25,188.5,36,Rye.Winter,284,275.5,40.4955083404587,-86.5163714678262,7.08467052339005,-29.8546220077693,10.3572791391875,83.128675947028,-4.47964868899111,51.9464529648431,23.2635760513713,104.514845122806,1,2,7,7,14.0621947482468,76.3311398005787,0.597745412318927,12.5061962661025,163.387586045676,0.554430788494377,176,4.16773010172632,350,0.921228725521485,8.14912505141002,1.158801495258,2197.73048077368,1477.09518255361,1319.82992961418,905.119194136652,677.013781592644,4012.2094156,2935.57411737993,2689.3088644405,2007.59812896297,1601.49271641896,466.436217945461,240.386537430876,195.033051133379,86.8140286783172,38.7263958947742,78,124,172,191,217,228,78,124,172,191,221,242,194,194,365,242,242,365,7.20568613594789,80.9595314535236,223,200,192,171,1,TRUE,1X
1155,Kansas,S,5,Rye,Winter,Rye,244,9/1,274,10/1,259,31,161,6/10,186,7/5,173.5,26,Rye.Winter,286,279.5,38.0889629547777,-98.7361345360574,43.0675575644997,-28.698286083797,12.878807495956,54.2186042036939,-1.68984130943917,13.8089316416258,26.8340354394669,100.254999481119,1,1,7,6,20.3534373722186,66.3657690221242,0.694089420964937,13.2909205892972,216.535968285588,0.393215137571291,197,0.769124482108843,343,0.51083869083741,8.39875901920932,1.45515903508169,2649.64780264516,1820.58226599412,1640.6040345306,1161.69014296935,887.224353407053,4761.6276158243,3592.56207917325,3327.58384770973,2593.66995614848,2149.20416658618,916.665855337767,592.778052025806,524.095372252771,345.975719081699,247.125622907839,46,106,151,169,198,218,46,106,151,169,198,218,97,213,203,141,260,203,9.32332812574837,46.5089250801457,224,176,171,146,1,TRUE,1X
1156,Maryland,S,5,Rye,Winter,Rye,262,9/19,321,11/17,291.5,60,165,6/14,206,7/25,185.5,42,Rye.Winter,290,259,39.0185933919209,-76.6384978916462,12.8120683564108,-22.8990318682696,12.6069173665046,89.267980963805,-0.0842964069989386,73.9692891551279,24.4268560793403,104.277754758507,1,2,7,8,13.1085051659177,80.5711171592775,0.586625480842038,11.9657652730718,145.871651854479,0.533071653464516,166,3.40554911015674,355,1.13336268780147,7.19523352658036,1.06883812940745,2397.33651588976,1570.89998184981,1400.57363135901,956.159586839026,716.540398766732,4622.33115060727,3371.9360584469,3095.55826381592,2333.16535290037,1881.56113963248,498.48040178135,232.501781583684,184.744376723162,73.8510981187242,27.3334996154498,3,94,150,174,197,208,2,94,151,173,206,227,215,215,365,271,271,365,9.25568894494432,86.9604426161795,265,220,218,193,1,TRUE,1X
1157,Minnesota,S,5,Rye,Winter,Rye,235,8/23,282,10/9,258.5,48,196,7/15,241,8/29,218.5,46,Rye.Winter,293,325,46.147357471737,-94.4463442077505,72.6663958448264,-40.7691906043224,5.25963313398641,56.3685953280863,-13.7977602029917,16.5508835803115,21.2776302673402,105.413626053449,1,2,7,6,14.1700906271213,73.937904461382,0.57521731618588,13.5487971485251,175.393427820272,0.502086577240287,197,2.99452439125826,358,0.824403857371112,10.2756235245713,1.46310343032725,2352.20981548326,1641.83588719128,1480.93042515439,1039.68421219263,785.850278931465,3058.78193617563,2188.35883585929,1987.48488647677,1426.19382361287,1092.43991473546,437.838855581797,239.02732517694201,197.521580242574,92.6815777671385,42.3257498550922,134,167,208,225,252,264,134,168,207,226,256,279,157,157,365,198,198,365,3.81916757864169,52.9754137080736,172,153,152,132,1,TRUE,1X
1158,Nebraska,S,5,Rye,Winter,Rye,242,8/30,279,10/6,260.5,38,181,6/30,220,8/8,200.5,40,Rye.Winter,297,305,41.9026271968578,-99.3315675783396,55.1971251164068,-34.7584780774808,8.96200787861332,48.6421800978299,-6.30332501943951,11.3747755690769,23.7165075317004,97.9561146169658,1,1,7,6,16.2051657037362,53.2987785507007,0.685321705255301,13.3188522127524,202.27784105383,0.395481479899393,226,0.950091484518418,349,0.48675178387909,8.89417717620938,1.52186292788563,2430.32148993747,1685.81962766275,1520.95579888314,1074.51749565888,817.5208750371,3682.37746267862,2697.94531728529,2473.01819656926,1846.61278288349,1469.56492488641,570.232544019721,332.571042896532,282.991102431171,156.575793645498,91.0102869351757,100,144,185,204,234,251,99,144,185,205,234,254,84,180,262,125,221,262,6.6960581578511,45.6175312457783,194,158,155,133,1,TRUE,1X
1159,New Jersey,S,5,Rye,Winter,Rye,244,9/1,318,11/14,281,75,188,7/7,219,8/7,203.5,32,Rye.Winter,300,287.5,40.0163180566465,-74.8152837678362,19.5473419579586,-23.3169380773063,11.5622838543609,94.4381530102015,-1.32494204748164,77.1614956214259,23.7360696971926,113.171949912124,1,2,7,7,14.3244520336938,83.9836114657159,0.58772590953566906,12.3797543408539,158.699450819663,0.528544865025154,166,4.16686774712109,352,1.03847687984963,7.28371008405697,1.06318599771606,2700.06214293346,1839.29866586757,1653.37534931282,1161.46087989166,889.679367244497,4270.86937726382,3102.10590019792,2839.18258364317,2116.26811422202,1690.48660157485,560.32936616579,288.615225150296,235.371753976056,106.975785799147,48.8444058536217,44,107,164,186,214,225,44,107,164,186,217,238,202,202,365,257,257,365,9.27388207520082,92.4395414614346,234,204,195,180,1,TRUE,1X
1160,New York,S,5,Rye,Winter,Rye,244,9/1,298,10/25,271,55,186,7/5,201,7/20,193.5,16,Rye.Winter,302,287.5,42.6062839112025,-75.6890527788148,39.8548489569116,-30.9295961327396,8.0763066439097,81.9663482841156,-5.5327693769573,62.8558582851845,20.8897860564118,93.1054565619466,1,2,7,8,13.3173567763258,85.6183413805356,0.51817428296529,12.8311490655952,155.958532192592,0.513120213317305,196,5.86318433740953,350,1.09563609212662,7.69141600015982,1.06812301776531,1903.43533275161,1217.46865892989,1070.05454669967,688.958013269222,486.096095203557,3321.06676337809,2327.10008955637,2102.68597732615,1490.5894438957,1133.72752583004,458.004944266144,225.842970454391,179.645260777995,72.8959720208138,28.258092482226,97,145,197,217,241,253,97,145,197,217,250,275,169,169,365,219,219,365,5.39473666845163,80.0533607675202,184,166,166,-222,1,TRUE,1X
1162,North Dakota,S,5,Rye,Winter,Rye,250,9/7,273,9/30,261.5,24,191,7/10,213,8/1,202,23,Rye.Winter,304,305.5,47.1290336191199,-100.157350031411,51.4144676657328,-39.7240220382989,4.77168665792378,37.7250192992282,-13.757732412847,12.1997989444497,21.1478878723095,82.4256229532814,1,2,7,6,12.9021799800092,41.8747331146884,0.611693061788494,13.4132103842589,173.215071247917,0.35774860681455,227,2.04194265019466,365,0.494401754390182,10.3106544639267,1.5378960873557,1866.53176409999,1254.65606129863,1118.12532409591,751.46058226313,549.884278269119,2935.7054839278,2087.7297361627,1892.24982620679,1348.56199752472,1028.97873755006,351.99057140052,178.945436056989,143.527564161057,56.6726988000779,19.853244890136,139,173,214,233,253,264,140,173,214,232,264,284,16,151,208,36,192,208,2.28823628456924,35.0624616474035,176,157,154,126,1,TRUE,1X
1163,Ohio,S,5,Rye,Winter,Rye,253,9/10,293,10/20,273,41,176,6/25,201,7/20,188.5,26,Rye.Winter,305,280.5,40.7643097121883,-82.2000108806202,16.0485367398884,-28.48236382145,9.6413642979682,79.8894917246064,-4.24871145664222,54.8514130528595,22.0132632528516,104.608766821268,1,2,7,7,14.2709235069044,70.9329957122411,0.529489299243329,12.7270519214472,159.852339827012,0.58811413697003,166,4.53292486908007,350,0.860580925029838,7.71491842429855,1.1498610095505,2097.48679689579,1369.14391084078,1211.67869686874,800.959810134806,579.154593461791,3750.00383932196,2685.66095326695,2444.19573929492,1781.47685256098,1391.67163588796,507.436555678047,262.499001691975,213.317198755182,96.1321745054553,43.9634836321138,79,128,180,201,228,240,79,128,180,201,231,253,184,184,365,236,236,365,6.7217848238543,77.3609516202089,205,179,175,159,1,TRUE,1X
1165,Pennsylvania,S,5,Rye,Winter,Rye,242,8/30,303,10/30,272.5,62,186,7/5,222,8/10,204,37,Rye.Winter,308,296.5,40.5104212595486,-77.2546215097569,54.7066660638771,-27.1529002937432,10.0614540871633,89.02384604954,-3.27222343573408,69.0488654656753,22.4024980103569,102.803054222472,1,2,7,6,14.5419188676516,85.3419134517291,0.546657593562981,12.7481053348948,164.013884628547,0.597180473777525,196,4.52669609043089,350,1.00186130253712,7.55328401925112,1.09628489434795,2506.91678128734,1693.54887897334,1516.2181631353,1047.32235477026,788.540218168436,3837.60438815697,2752.262485419,2506.92897045997,1834.06890310602,1439.24109008282,544.342149992332,284.448369952996,232.07648498015,106.439005352938,50.097959079186,73,125,178,200,227,240,72,125,179,199,230,251,187,187,365,240,240,365,7.95831813496202,87.824590338722,210,181,176,158,1,TRUE,1X
1167,South Dakota,S,5,Rye,Winter,Rye,242,8/30,280,10/7,261,39,190,7/9,227,8/15,208.5,38,Rye.Winter,311,312.5,45.0690570102893,-98.318887649255,51.3527793805185,-38.5310064154517,6.24692242417004,42.7951364321903,-11.8925511982091,10.7077844509107,22.5217354037564,88.5498909064897,1,1,7,6,14.5147524202563,44.8645907902085,0.656285919897616,13.3795529286705,187.365097657778,0.377872507640288,197,1.24411363440043,356,0.466195708571671,10.1618494538988,1.52365866274389,2246.92470074601,1567.01338976085,1414.12188514316,997.010908168122,757.936987909782,3244.99373193409,2357.08242094892,2152.19091633124,1579.0799393562,1236.00601909785,431.507831235781,237.844867300045,197.52346813546,96.0793673092608,46.1757855454072,129,163,203,221,247,258,129,163,203,221,249,270,63,163,265,101,201,265,4.1829042944444,40.466324674939,182,157,155,141,1,TRUE,1X
1170,Wisconsin,S,5,Rye,Winter,Rye,227,8/15,274,10/1,250.5,48,186,7/5,222,8/10,204,37,Rye.Winter,319,318.5,44.5467849508777,-90.2639455978745,50.8024769613874,-39.876948913201,6.1792359849005,66.0546440060537,-11.1145539884846,22.2213053316683,21.1405468162125,103.195875229179,1,2,7,8,15.8432139439344,98.6945790018051,0.574494262211403,13.9113139166862,192.398661312507,0.564544253184656,196,3.31880753619691,350,0.947782853967537,9.41897480250628,1.39958597874883,2253.24638970325,1532.93316552463,1371.53890403848,933.046407372414,683.058938325314,3123.7435612825,2219.42492809242,2012.06148393006,1435.55216806816,1093.57209063015,607.198858782003,356.162413037008,302.760559240878,165.175744838093,93.4904413357196,124,161,204,223,255,272,124,161,204,223,255,280,161,161,365,204,204,365,4.42374054640667,61.246061292893,166,147,145,138,1,TRUE,1X
1258,Colorado,S,5,Wheat,Winter,Wheat - winter,237,8/25,283,10/10,260,47,176,6/25,222,8/10,199,47,Wheat.Winter,277,304,39.5157366052621,-103.358855243337,8967.08826126926,-33.7674637526996,9.85677968579855,32.5458621674255,-3.06901342889531,9.25385321898642,23.4646563707168,69.342365228806,1,1,7,5,16.5338137933369,30.588844491982,0.709567939841916,13.2826276908603,213.973813506852,0.228337445088515,45,0.47436282353849,135,0.260155863016593,7.81574716084303,1.53852658031004,2482.02598005657,1669.92705900673,1496.62693256314,1033.81586478835,773.02380951302,3757.65364517762,2701.55472412778,2467.2545976842,1821.4435299094,1438.65147463407,629.113365558858,364.481542277798,310.758089991987,174.13445696136299,103.516450204546,74,135,184,204,237,255,74,135,184,204,237,257,0,239,0,0,229,0,7.70400773109275,29.9723538269013,182,134,110,-365,1,TRUE,1X
1262,Idaho,S,5,Wheat,Winter,Wheat - winter,251,9/8,307,11/3,279,57,204,7/23,257,9/14,230.5,54,Wheat.Winter,282,316.5,44.0272645399758,-114.028194633614,5352.72745041947,-37.4734100908725,7.0683468922442,35.5081055605001,-4.94257287090548,19.5854983079929,19.5354511874485,45.5924702605407,1,7,7,1,9.62232601791206,30.0605683732289,0.691720602191613,12.4452242332354,163.292283930404,0.104176239275404,197,3.75513988221972,357,0.422395468774681,7.04578283128,0.874782324214833,2222.03417243997,1454.07485655425,1291.2510149744,870.525628968935,646.670511456973,2895.08539672007,1935.12608083434,1724.30223925449,1159.57685324903,840.09601253773,224.575214198218,78.3475418805446,53.539775974169,6.88424310003872,0,99,160,215,228,248,263,99,160,217,240,277,304,22,217,169,17,205,169,6.07169722674008,36.9161520550584,174,128,117,-365,1,TRUE,1X
1263,Illinois,S,5,Wheat,Winter,Wheat - winter,272,9/29,310,11/6,291,39,173,6/22,201,7/20,187,29,Wheat.Winter,283,261,38.9596134321512,-89.2646537514422,3279.82498628816,-28.3643179936957,12.1440981775994,84.7819329373584,-2.76727950568562,52.8766153849467,25.0171661557795,108.921612105267,1,1,7,5,13.0225426851039,73.4414603038974,0.600592537329185,11.9867778575244,148.708975686181,0.504634814910732,227,3.58053961524333,350,1.01542316787046,8.17527506733405,1.12494284979311,2340.70157813463,1614.70164138633,1456.12573476983,1035.59050157284,801.309552620654,4540.81648330648,3398.81654655818,3136.24063994168,2403.70540674469,1961.4244577925,384.133978254369,184.200487519257,145.584340060119,57.0404586239514,20.6488820259463,60,107,153,171,193,204,60,107,153,171,202,223,267,267,365,258,258,365,8.6388419584633,84.446168114226,248,221,213,188,1,TRUE,1X
1264,Indiana,S,5,Wheat,Winter,Wheat - winter,263,9/20,314,11/10,288.5,52,171,6/20,206,7/25,188.5,36,Wheat.Winter,284,265,39.6587686939806,-86.358899195872,1702.48898850439,-28.9040761699751,11.1539232863901,87.0034890255981,-3.39795898846123,62.152480542994,23.8127881316968,110.353113670268,1,2,7,5,12.4515348384407,71.4589182394966,0.59220148768261,12.0720082635294,148.960982871463,0.529439517032736,166,4.08558979303125,350,1.003699491229,8.01547932011987,1.11764998793995,2201.28443752251,1488.76087803981,1333.95174037278,927.089132915163,705.019812855181,4225.06693895416,3112.51429283354,2857.66698269991,2150.82754403785,1728.74178400187,374.110458967215,173.978671137914,135.541249977319,48.4331025049759,14.6909477979338,69,115,164,184,202,213,68,114,164,184,214,235,260,260,365,250,250,365,7.81035818645344,87.045485500185,241,216,210,181,1,TRUE,1X
1265,Iowa,S,5,Wheat,Winter,Wheat - winter,249,9/6,303,10/30,276,55,175,6/24,219,8/7,197,45,Wheat.Winter,285,286,41.4812620650361,-92.901360754206,92.7571956575238,-33.0896499656835,9.60013254787864,72.0501700942071,-7.03486155259712,25.3239730340852,23.9802556358168,109.634396509087,1,2,7,7,14.2025764591774,79.0509615370869,0.611323754178813,12.5933707283143,165.545845133339,0.580321552592173,187,2.28142682856198,349,0.940512969105032,9.11138198918054,1.39088888948325,2325.67887092408,1624.74845964969,1469.60923232599,1051.6590305973,812.639961564622,3936.96215310677,2920.03174183238,2685.89251450867,2030.94231277998,1633.9232437473,420.868366628094,222.901563441816,183.063273974478,86.5500373451467,41.4340713205729,95,135,174,192,218,228,95,135,174,192,222,242,238,238,365,230,230,365,6.70408489966114,64.6379934221992,212,186,175,169,1,TRUE,1X
1266,Kansas,S,5,Wheat,Winter,Wheat - winter,253,9/10,298,10/25,275.5,46,166,6/15,206,7/25,186,41,Wheat.Winter,286,275.5,38.388698013255,-98.94709748901,39389.2566469282,-28.5759966609267,12.5292234558295,54.2242795657514,-1.85893986802717,15.0680800495219,26.4719809517202,97.567697160301,1,1,7,6,16.4809976230333,54.8582342142174,0.680092916846272,12.6159527235917,186.794310650893,0.410006154451979,203,0.789943849977534,338,0.541841573880187,8.33898581296781,1.45751069176264,2572.04010351519,1772.08809072796,1599.42097773951,1141.90124297325,881.593191921607,4643.55873743,3487.58477846796,3225.9171156974,2501.45363389494,2063.11797611531,584.657808668854,331.843400902589,281.183470356355,156.892857972411,93.863281033426,51,109,154,172,202,221,50,108,155,173,201,223,158,267,228,147,256,228,9.14257740558183,48.033908129642,236,189,181,162,1,TRUE,1X
1270,Michigan,S,5,Wheat,Winter,Wheat - winter,256,9/13,302,10/29,279,47,195,7/14,216,8/4,205.5,22,Wheat.Winter,292,291.5,42.9263487036132,-84.2406317106562,2014.23689293077,-29.9334352029848,8.26731168988476,68.0586862310984,-5.99615677604409,39.5328700944535,21.5126038739522,84.4569484516264,1,2,7,9,12.0049006954369,69.8660152188887,0.500891402176039,12.4504016927577,140.303740461699,0.437019714440383,196,4.80353974316974,350,1.04354677796651,8.0944653040047,1.168105975133,2120.5794111026,1422.89941365228,1271.47995633318,873.84278060297,656.94019020727,3422.96271187263,2433.28271442231,2208.86325710321,1592.22608137301,1229.32349097731,348.85750882788,155.958774760327,119.376005896482,38.9173392568748,9.73068003849982,99,145,193,213,229,241,99,145,193,213,244,267,185,230,320,175,220,320,5.95637206959554,64.9410561632493,203,181,178,152,1,TRUE,1X
1273,Missouri,S,5,Wheat,Winter,Wheat - winter,263,9/20,324,11/20,293.5,62,166,6/15,201,7/20,183.5,36,Wheat.Winter,295,255,38.1800540883081,-92.0179885528039,3945.54958175741,-27.6817353224782,12.9480874801406,88.5435213947473,-1.69490727402274,51.7044312127383,25.8599038367097,120.222488647143,1,1,7,5,13.1374781458077,83.1070759173898,0.603712806594713,11.9097720343318,148.113737365398,0.507991812206614,197,2.86792044901377,350,1.1507039622994,8.06603116238242,1.17459309409763,2384.14656577917,1639.82484724051,1478.72331148663,1051.7971413713,814.050448005137,4780.64990339498,3596.32975778797,3325.21248355746,2568.25634996095,2110.53892666134,394.972986831305,188.739163150766,149.491121306394,59.432889936467,22.1649491381819,39,99,146,164,186,198,39,99,145,164,194,216,276,276,365,266,266,365,9.2203504166515,85.4784292461768,263,228,221,-176,1,TRUE,1X
1274,Montana,S,5,Wheat,Winter,Wheat - winter,250,9/7,296,10/23,273,47,209,7/28,251,9/8,230,43,Wheat.Winter,296,322,47.9009659956216,-108.507705572186,22138.5606774181,-43.4190570635961,5.65961634420783,29.7174384748694,-9.75385517460733,11.8480147538049,20.0826807277026,66.4831296222253,1,2,7,6,10.2376777336034,25.5503080392024,0.607928536061621,12.7706666119583,149.304097100728,0.226788471420127,197,2.25892092428245,360,0.387624319499968,8.7318882212188,1.46984024586727,2223.17177612752,1518.11163912486,1361.65161491273,942.021592944774,711.774666709101,2842.16176782989,1965.10163082722,1765.64160661509,1217.01158464714,900.76465841147,232.203624650589,94.8770016769162,69.2770480736222,13.6809320634829,0.146211061799489,130,169,218,230,248,261,130,169,218,240,273,295,3,204,125,0,195,125,4.56282170687925,29.4619854177601,185,148,137,-365,1,TRUE,1X
1275,Nebraska,S,5,Wheat,Winter,Wheat - winter,242,8/30,279,10/6,260.5,38,177,6/26,220,8/8,198.5,44,Wheat.Winter,297,303,40.9613165285391,-101.271990260778,6788.083145522,-34.5185117671401,9.72748131837416,43.0332496339451,-4.07669855899035,11.1357901932162,23.9573467946221,86.9079230790446,1,1,7,5,16.592168564852,44.1356362393001,0.694552077022662,13.2952754636975,206.518642272345,0.331928521506166,45,0.671893533630685,347,0.390155211919172,8.27707806802584,1.54607407752556,2462.80626900102,1681.8213514287,1512.54065328235,1057.95176498419,799.40979947569,3782.3424088206,2753.321706539,2522.04737730294,1881.49299690078,1498.98098350388,609.387761074748,356.255104321553,304.222418772129,171.485716888712,102.488579246955,84,138,183,202,233,252,84,138,183,203,233,253,50,236,123,46,227,123,7.43336056591967,40.0945100884375,194,158,155,126,1,TRUE,1X
1276,Nevada,S,5,Wheat,Winter,Wheat - winter,248,9/5,293,10/20,270.5,46,196,7/15,237,8/25,216.5,42,Wheat.Winter,298,311,40.6554855262603,-118.099343357816,88.206987447445,-34.8769801622521,8.89114608011774,19.6199883890077,-1.8246395087347,8.50918963300702,21.4587212603173,26.2032487763768,1,7,7,12,12.6878062802882,14.1147171082752,0.811363472951853,12.837993428314,209.051346353444,0.0417825001692882,197,1.28866704681517,351,0.138268623655547,6.5753802719824,0.851863806333598,2398.81815890138,1529.56437462787,1355.0599772704,911.825579699303,674.023909565821,3334.25329727817,2248.98058510098,2020.51219359689,1415.25926431748,1069.47125892317,411.822469232166,192.129462563652,151.460690976156,57.8328214046936,19.1675265793745,58,144,203,225,248,260,58,143,203,226,261,285,5,235,101,0,221,101,7.47938076485664,20.8981927580608,194,156,136,-365,1,TRUE,1X
1277,New Jersey,S,5,Wheat,Winter,Wheat - winter,257,9/14,318,11/14,287.5,62,182,7/1,226,8/14,204,45,Wheat.Winter,300,281.5,39.8897264863464,-74.9955304465167,150.086195311449,-23.0463793513008,11.7248704300823,93.4313375982305,-1.18956610985122,76.9636504637772,23.9300501579319,109.65536989393,1,2,7,7,13.1234217071181,79.8349553457766,0.589774195582532,12.1087152274753,149.376023620759,0.525157660227527,166,4.07215109984,353,1.09371057792296,7.30590170179315,1.06174918212958,2661.40759908549,1816.44978307288,1634.87179294761,1156.29346651495,893.332474442808,4324.14819475347,3147.15743092629,2882.61741295889,2155.0105993189,1726.11384463124,481.136890748682,231.401120858892,184.038423491224,73.4377589182722,27.0802440640892,39,106,161,184,206,217,39,106,162,184,216,236,270,270,365,259,259,365,9.3556956099475,91.9917490789582,243,214,206,186,1,TRUE,1X
1279,New York,S,5,Wheat,Winter,Wheat - winter,253,9/10,305,11/1,279,53,196,7/15,217,8/5,206.5,22,Wheat.Winter,302,292.5,42.9261214554869,-77.4404840777518,520.815062277646,-30.4454569808166,8.11292092038494,72.1658585467927,-5.38493649240525,50.6441424402691,20.9672515749186,86.50596367843,1,2,7,6,11.8520282792066,76.9972289878944,0.480204185098189,12.4504027840694,137.384435234712,0.454264569939657,196,5.19663520431416,350,1.1771888556004,7.69847444856936,1.11212244300198,2077.9455744462,1372.53726493629,1220.18424888402,823.790500740326,610.374117340678,3331.46316650363,2338.05485699372,2113.70184094144,1501.30809279775,1143.8917093981,361.740589082755,160.18845681152,121.752798391182,38.0963988734761,8.70092197286796,97,146,197,216,233,245,97,146,197,217,249,274,198,229,334,188,219,334,5.90915729537619,69.7292074908996,188,176,174,-214,1,TRUE,1X
1282,Ohio,S,5,Wheat,Winter,Wheat - winter,267,9/24,306,11/2,286.5,40,182,7/1,216,8/4,199,35,Wheat.Winter,305,277.5,40.6806950226788,-83.49341388971,3776.95602298383,-28.5177594772037,9.79621105651996,77.6829289594256,-4.51075776972987,51.0806937770149,22.5776388805045,101.312564157001,1,2,7,7,11.6839043762498,60.8279628586981,0.537584844530132,12.1369209222605,141.123670157684,0.547601445575231,166,4.22850615633515,350,0.91584568322557,7.97861555612705,1.15990843212462,2194.10107158297,1483.03120233767,1329.20637469504,926.848121978812,708.343092942469,3825.92443361674,2766.82496655423,2525.98640757569,1862.63010333471,1470.13226658445,334.517124586745,145.773571976981,110.324734989318,33.304378244352,6.85124160046702,81,129,179,197,212,224,81,129,178,199,228,248,246,246,365,236,236,365,7.07476765403864,76.803099163234,225,200,191,172,1,TRUE,1X
1285,Pennsylvania,S,5,Wheat,Winter,Wheat - winter,242,8/30,303,10/30,272.5,62,186,7/5,222,8/10,204,37,Wheat.Winter,308,296.5,40.3984290468975,-77.0383091877127,749.693398441368,-26.7375169855331,10.2662059509475,88.5915905198024,-3.0664006296437,69.694631659441,22.6446008027189,102.439595362771,1,2,7,6,14.7129808400218,85.7709189775317,0.556989061324011,12.7475549763765,165.962519578263,0.568224266223285,196,4.38097488223972,350,0.991145004951075,7.55932364535485,1.09014961565293,2552.11355167349,1730.06512158674,1550.66776833635,1075.75632114653,813.047723201866,3896.77038652466,2802.71768629913,2555.35511001459,1876.44795557968,1477.70603152188,556.505076976246,293.244534669971,240.073709629999,111.938047330234,53.870501415239,70,122,176,197,226,239,71,123,176,197,228,249,253,253,365,243,243,365,8.1627691506159,87.4666274939934,216,186,177,158,1,TRUE,1X
1287,South Dakota,S,5,Wheat,Winter,Wheat - winter,244,9/1,280,10/7,262,37,187,7/6,224,8/12,205.5,38,Wheat.Winter,311,308.5,44.7127422212238,-99.565595012845,9886.8513285756,-37.601642146757,7.05405104580342,39.471065597803,-10.1236973444218,9.2053721083921,23.0309091064815,84.121227008897307,1,1,7,6,14.8058988806557,39.4069741062267,0.671314932529962,13.3172362037701,189.075735082286,0.331433633793817,227,1.01036931698202,352,0.403161954485684,9.77663535181243,1.54022462580073,2251.55845447538,1565.94668854782,1412.42647334166,994.919319687957,755.679004003806,3360.9730238973402,2451.36125796978,2241.84104276363,1656.33388910992,1305.09357342577,450.961565388182,251.297617241962,209.74573652948,105.13935107374,52.727546671786,123,159,198,217,245,256,123,159,198,217,246,267,76,213,228,69,206,228,4.82643502904511,37.5890682235433,184,159,155,-238,1,TRUE,1X
1290,Utah,S,5,Wheat,Winter,Wheat - winter,232,8/20,293,10/20,262.5,62,191,7/10,237,8/25,214,47,Wheat.Winter,314,316.5,40.5205540674979,-111.824125961449,647.630785300684,-31.8782357823252,8.25745298483964,33.3639241538953,-4.38189890949285,23.7967156890209,21.6906510333163,38.4309738174197,1,7,7,4,14.3105542407782,30.575086741952,0.779303485304657,13.1946360823041,218.977566085696,0.122431373458188,196,2.04674778413718,358,0.270671248710018,7.43103491762853,0.92229270134634,2392.72226372213,1582.158106517,1408.76867124176,954.922645689678,705.43060852738,3272.95482377099,2270.40232001934,2048.97056711727,1451.12621675045,1105.68255756974,490.183901029966,257.803838509848,211.469506912477,98.9709835812694,46.3120680511763,88,149,204,224,254,266,89,149,203,225,258,280,23,227,159,18,216,159,6.79143330521578,34.1295474745052,168,127,122,-307,1,TRUE,1X
1292,Washington,S,5,Wheat,Winter,Wheat - winter,244,9/1,303,10/30,273.5,60,196,7/15,248,9/5,222,53,Wheat.Winter,317,313.5,46.9772075004614,-118.478042104604,10386.2351331381,-31.8754765739848,9.29574983791076,29.4187447477955,-1.84566485668473,11.5226423885264,20.6316955904737,49.6741499755813,1,7,7,12,12.4689617823909,21.2261578088033,0.613817139425434,12.7355980129374,152.304285860006,0.0632217228819228,197,5.43350679127599,350,0.294911167412136,6.59733377600748,0.690940498366427,2608.27809630727,1696.29421471313,1505.05993983578,1011.04113389187,746.240182664986,3476.0976590539,2360.09620402965,2117.87013805341,1470.79663214176,1104.01343526644,390.534092922637,175.954738997137,137.011944149784,49.3192892736611,15.0812573705493,56,129,194,218,242,256,55,130,193,218,254,281,44,249,160,31,236,160,8.09146788791703,31.4772107503387,211,162,139,-365,1,TRUE,1X
1293,West Virginia,S,5,Wheat,Winter,Wheat - winter,263,9/20,324,11/20,293.5,62,176,6/25,222,8/10,199,47,Wheat.Winter,318,270.5,39.0689069983629,-78.8032545734027,29.3949665030632,-25.5152428406862,11.7818116164383,83.7130956374725,-1.0746404369016,66.4474071726563,23.4867333880794,102.80484761298,1,2,7,5,11.6877598032725,79.6921592406737,0.531247129265613,11.886337270898,135.440551273165,0.543604673230351,166,3.33312002003496,353,1.2544531506765,7.27577949317639,1.09351067971272,2513.34722984592,1701.40651425729,1528.04826431645,1073.85482606724,827.333734740566,4337.77029571797,3149.82088258393,2882.45785950137,2146.26558206602,1711.78791501656,386.946951636168,164.700127515294,124.790463388582,38.0014275751632,7.9454758898192,32,103,160,180,197,209,32,103,159,181,214,236,273,273,365,262,262,365,9.21155535769618,82.8564719554085,246,213,204,179,1,TRUE,1X
1294,Wisconsin,S,5,Wheat,Winter,Wheat - winter,248,9/5,278,10/5,263,31,196,7/15,232,8/20,214,37,Wheat.Winter,319,316,43.8861899574686,-88.7071608232361,743.163290620956,-35.9993614186999,7.0445412355796,65.9088518957632,-9.30728619496549,27.3123490483731,21.5001227718418,96.4969982089858,1,2,7,8,14.5449321115259,86.76247144151,0.547556704274372,13.2452667659707,169.603152654832,0.522684587134794,195,3.66670746737232,350,0.985752056907522,8.9435821283202,1.31812040975859,2363.08149260519,1624.9505291405,1460.64941227675,1016.83933995893,764.074041165732,3257.80915884716,2323.67819538247,2110.37707851872,1519.5670062009,1168.8017074077,483.969102132065,262.687284880771,217.370363817415,105.593825272402,51.3628060370289,116,156,198,218,247,258,116,156,198,218,249,273,218,218,365,209,209,365,5.38620543611956,61.7517681237712,182,162,158,151,1,TRUE,1X
1295,Wyoming,S,5,Wheat,Winter,Wheat - winter,235,8/23,275,10/2,255,41,194,7/13,246,9/3,220,53,Wheat.Winter,320,330,41.9902249483795,-104.713888261612,704.38474535427,-38.34415796276,7.7704995469305,31.3743167707849,-3.9671314300144,10.6198676772953,21.1970226361026,65.5308358961443,1,2,7,5,14.9509084657169,31.4047051589949,0.709831716966724,13.5822886891926,215.739539071587,0.232022803621592,228,0.635527773112844,354,0.275870936200826,7.38035052898603,1.50529501689036,2470.45949320728,1652.97487244364,1475.67652986611,1005.45369323411,743.385882979903,3100.0448628486,2142.56024208497,1930.26189950743,1355.03906287544,1022.97125262123,551.378923267003,301.399215870738,250.55326616783,124.593892234038,63.5517041642909,99,157,210,231,263,275,99,157,210,231,263,286,0,218,62,0,207,62,6.74579691667257,31.1115553057143,170,135,128,-365,1,TRUE,1X
1668,Albania,N,55,Barley,Winter,Barley,289,10/16,349,12/15,319,61,137,5/17,181,6/30,159,45,Barley.Winter,55,205,41.2103754249242,20.4383865517568,17.2722170231573,-18.5252514172754,9.19799736837501,85.539603369163,-0.216867924510096,44.0801121863783,18.4257909881134,136.979472950657,1,7,7,11,5.64053222543834,136.979472950657,0.400402497062958,10.8692621659073,84.1794642099118,0.265095692037027,197,7.10331614443461,350,4.4751834943487,5.50037912347407,0.727472788826101,1031.25178418112,489.381436228701,401.249656351877,205.360002956377,111.214040931899,3374.21094823923,2192.34060028681,1944.20882040999,1286.62923426052,916.729677403131,130.938312293426,10.0469534380366,1.52914840718763,0,0,9,124,165,178,204,205,9,124,194,219,264,304,76,172,269,144,240,269,5.02562805420085,98.2267815060378,264,219,-152,-160,1,TRUE,1X
1669,Albania,N,55,Rye,Winter,Rye,289,10/16,349,12/15,319,61,137,5/17,181,6/30,159,45,Rye.Winter,55,205,41.1892830787251,20.5152320672625,17.8111314456322,-18.9934882299551,9.24395680327782,82.9757990369121,-0.247107554260415,43.1127256693606,18.4859727521447,132.895359813883,1,7,7,11,5.66679370037917,132.895359813883,0.397332138999464,10.870583724222,83.9573246940264,0.258894458593457,197,6.89789399990569,350,4.34589936192902,5.52764794694941,0.730880302507696,1039.40974192684,496.575955660567,407.836097246335,210.154626146633,114.870523095449,3391.27756604846,2208.44377978219,1959.70392136796,1299.88870397236,928.373176141913,131.002939021732,10.3015456281527,1.6499444087713,0,0,10,124,164,177,204,205,10,124,192,218,264,303,74,173,266,142,241,266,5.06417642856159,95.2006464742725,262,-147,-152,-160,1,TRUE,1X
1671,Macedonia,N,57,Barley,Winter,Barley,289,10/16,349,12/15,319,61,136,5/16,212,7/31,174,77,Barley.Winter,57,220,41.6803296663519,21.7314086791867,502.430823786298,-24.8392256063686,10.1651373067247,53.8352436891558,-0.710225435376512,40.3647124903486,19.9615696930746,72.7195486279358,1,8,7,11,5.74655391122057,72.7195486279358,0.389754243124883,10.8396245755828,81.6924825117413,0.263792120268155,214,3.70037096664701,350,2.44818086691534,6.14832190109576,0.952317157398697,1448.47814442568,838.800767636925,726.07274899705,453.541982637134,306.76664968638,3734.55303798123,2544.87566119248,2287.1476425526,1593.66405678236,1192.94755946992,114.876904664037,10.0036887484874,1.83020668937994,0,0,22,114,153,166,188,206,22,114,177,201,240,271,62,188,239,124,250,239,6.54883861617377,56.9169625991056,254,-146,-152,-160,1,TRUE,1X
1672,Macedonia,N,57,Rye,Winter,Rye,289,10/16,349,12/15,319,61,136,5/16,212,7/31,174,77,Rye.Winter,57,220,41.6800548429079,21.7302062441312,57.896774018279,-24.8384359878577,10.1649010618577,53.8509973379039,-0.710026565452185,40.3629247304633,19.9612275877265,72.7566050017777,1,8,7,11,5.74657771585346,72.7566050017777,0.389739826798141,10.8396420160935,81.6920168339428,0.263771655926258,214,3.702449939148,350,2.44942609793908,6.14814196709522,0.952078184347206,1448.43599052356,838.755900467282,726.029488832928,453.505482612568,306.735582524753,3734.46275388366,2544.78266382738,2287.05625219303,1593.58002190288,1192.87131478616,114.881508899825,10.0041242566044,1.83036159212192,0,0,22,114,153,166,188,206,22,114,177,201,240,271,62,188,239,124,250,239,6.54866428132864,56.936773808487,254,-146,-152,-160,1,TRUE,1X
1673,Macedonia,N,57,Oats,Winter,Oats,289,10/16,349,12/15,319,61,136,5/16,212,7/31,174,77,Oats.Winter,57,220,41.6817646583982,21.7339207848912,23.7801958456677,-24.8425138855911,10.156701857599,53.851690076207,-0.716634344110039,40.4180718728437,19.9514775281757,72.7010007298178,1,8,7,11,5.73959295825883,72.7010007298178,0.389808265040965,10.8395335077725,81.6929471533302,0.264218632364343,214,3.70017164590211,350,2.44821078400202,6.14725109476622,0.952873306002446,1446.82742969862,837.706808036748,725.097701569401,452.786873070942,306.131915175232,3731.61615772365,2542.49553606178,2284.88642959443,1591.71250266273,1191.19956826059,114.570924696913,9.92937046617058,1.79586725520395,0,0,22,115,153,167,188,206,22,115,177,202,240,271,62,188,239,124,250,239,6.54068796554072,56.9272560654495,254,-146,-152,-160,1,TRUE,1X
1679,North Korea (central bowl),S,52,Wheat,Winter,Winter Wheat,274,10/1,304,10/31,289,31,152,6/1,212,7/31,182,61,Wheat.Winter,-1,258,38.8542867723641,125.739683859666,433.132122402228,-24.2898989235787,9.56727942616739,93.1001263377764,-7.06100380760721,15.1335396574409,24.1776237962398,309.786247341144,1,1,8,7,12.0057146942162,44.8989492769548,0.616764164295261,12.0678620200244,154.321003957924,0.427925384640374,45,2.13845367926474,197,0.613111124836728,9.01646120206565,1.69896906694096,1715.96478540669,1132.28869968884,1006.51171472266,676.319474557265,495.457649947618,3923.4812076617,2911.80512194385,2679.02813697767,2027.83589681228,1632.97407220263,272.10715685984,120.588686716123,92.3286467400596,30.1900318856523,7.54205503921494,95,137,175,194,209,222,95,137,175,194,222,245,237,237,322,229,229,322,5.07780715219148,49.7815827146092,248,219,213,176,1,TRUE,1X
1680,North Korea (central bowl),S,52,Barley,Winter,Winter Barley,274,10/1,304,10/31,289,31,152,6/1,212,7/31,182,61,Barley.Winter,-1,258,38.8484122305266,125.744555922923,298.897888382409,-24.2868319096902,9.57523641543757,93.192900786241,-7.04591191547439,15.1554344611644,24.1809976601745,309.898484636595,1,1,8,7,12.0119195363914,44.894755896604,0.616740132821201,12.0679798999868,154.337750616103,0.42860152198204,45,2.13930959026664,197,0.612861239838152,9.0128985297478,1.69900565969803,1717.12169825924,1133.09012284925,1007.23096913259,676.83790268915,495.862773984515,3925.05993427817,2913.02835886818,2680.16920515151,2028.77613870808,1633.80101000344,272.520859343032,120.827154145564,92.5292723954913,30.2961850593263,7.59541446384735,95,136,175,194,209,222,95,136,175,194,222,245,189,189,323,229,229,323,5.08739382663441,49.8450418912769,248,219,213,176,1,TRUE,1X
1774,Turkey,N,59,Rye,Winter,Rye,274,10/1,334,11/30,304,61,182,7/1,243,8/31,212.5,62,Rye.Winter,59,273.5,38.8574660589993,34.6221339495504,1406.59610049543,-23.8774363428209,9.60154059201476,38.2679675423375,-1.76727625776646,9.38116242805035,20.1217322997126,56.325208328828,1,8,7,5,8.26651953424103,39.0472541356931,0.59072960470097,11.5011822465238,129.276043925387,0.0528275416916569,227,2.47320945180312,353,0.73227511814529,6.32596981868603,0.800839039867308,2158.32137095,1394.67207658633,1237.78458641966,838.249891474182,621.529977020518,3568.47085488738,2440.82156052371,2192.93407035704,1520.39937541156,1130.00877443351,203.546552611936,51.4950180062828,29.7326639096609,0.176464622421266,0,51,123,173,187,211,227,51,123,183,208,249,279,4,183,186,63,242,186,7.71061827252544,44.0837720598264,228,194,177,-249,1,TRUE,1X
